"Sample_ID","SNP_1","SNP_2","SNP_3","SNP_4","SNP_5"
"Wheat_1",0,2,2,0,0
"Wheat_2",1,1,1,1,2
"Wheat_3",1,1,1,2,0
"Wheat_4",2,2,2,0,0
"Wheat_5",2,1,0,0,2
"Wheat_6",2,2,0,2,0
"Wheat_7",2,2,1,0,0
"Wheat_8",1,1,2,1,2
"Wheat_9",0,2,0,1,0
"Wheat_10",2,2,0,2,0
"Wheat_11",1,0,2,0,0
"Wheat_12",0,2,2,2,1
"Wheat_13",2,0,1,0,1
"Wheat_14",2,1,0,2,1
"Wheat_15",2,0,2,2,1
"Wheat_16",1,2,2,0,2
"Wheat_17",0,2,2,2,2
"Wheat_18",1,1,0,2,1
"Wheat_19",2,1,2,2,0
"Wheat_20",0,0,2,2,2
"Wheat_21",1,1,0,2,0
"Wheat_22",0,2,1,1,2
"Wheat_23",1,2,0,2,2
"Wheat_24",1,2,1,1,2
"Wheat_25",2,1,1,2,0
"Wheat_26",1,0,0,1,1
"Wheat_27",1,1,2,0,2
"Wheat_28",1,2,0,0,2
"Wheat_29",1,1,1,2,0
"Wheat_30",1,2,1,0,0
"Wheat_31",2,2,0,1,0
"Wheat_32",0,0,1,0,2
"Wheat_33",0,1,0,1,2
"Wheat_34",2,1,0,1,0
"Wheat_35",2,1,1,0,0
"Wheat_36",2,1,1,0,1
"Wheat_37",2,1,1,1,2
"Wheat_38",1,0,1,2,2
"Wheat_39",0,0,2,0,1
"Wheat_40",0,2,0,1,0
"Wheat_41",2,0,0,0,2
"Wheat_42",1,2,0,1,0
"Wheat_43",1,2,0,2,0
"Wheat_44",2,1,2,1,2
"Wheat_45",0,2,1,1,1
"Wheat_46",2,1,0,2,2
"Wheat_47",2,0,0,0,2
"Wheat_48",0,0,2,1,2
"Wheat_49",0,1,2,2,1
"Wheat_50",2,0,0,2,0
